图片,最高分,是否检出,检测框
双色并蒂莲.jpg,0,未检出,-
夜鹭-16.jpg,0,未检出,-
夜鹭-2.jpg,0,未检出,-
旋壁雀.jpg,0,未检出,-
海南鳽.jpg,0,未检出,-
潜鸟.jpg,0,未检出,-
灰喜鹊.jpg,0,未检出,-
猫头鹰.jpg,0,未检出,-
白尾鹞.jpg,0,未检出,-
耗子.jpg,0,未检出,-
苍鹭-2.jpg,0,未检出,-
豪猪.jpg,0,未检出,-
走鹃.jpg,0,未检出,-
鲸头鹳（幼年）.jpg,0,未检出,-
鸊鷉.jpg,0,未检出,-
尼斯湖水怪.jpg,0.2609,检出,[106,30 158x257]
壁画.jpg,0.274,检出,[25,22 290x378]
鹭鸨.jpg,0.3002,检出,[35,11 145x258]
斑嘴鸭.jpg,0.3055,检出,[107,19 148x243]
梦核.jpg,0.3227,检出,[112,56 72x236]
狮鹫.jpg,0.3358,检出,[36,14 263x280]
黑翅鸢.jpg,0.3431,检出,[0,71 250x190]
夜鹭-11.jpg,0.4472,检出,[4,10 299x166]
蝙蝠侠.jpg,0.4574,检出,[0,16 314x155]
风神翼龙幼鸟.jpg,0.4894,检出,[29,19 240x249]
企鹅物流.jpg,0.5085,检出,[10,15 257x242]
苇鳽.jpg,0.5163,检出,[3,105 248x162]
夜鹭-4.jpg,0.5235,检出,[8,18 235x204]
克莱因瓶.jpg,0.5477,检出,[13,3 110x334]
竹叶.jpg,0.5504,检出,[18,11 188x340]
夜鹭mini.jpg,0.593,检出,[25,39 264x222]
路灯.jpg,0.5965,检出,[78,19 108x243]
游隼.jpg,0.6198,检出,[12,87 252x114]
夜鹭-7.jpg,0.6314,检出,[0,113 213x132]
夜鹭-14.jpg,0.6361,检出,[0,53 376x190]
黑鳽.jpg,0.6376,检出,[52,58 150x246]
麋鹿.jpg,0.6466,检出,[23,27 151x207]
白鹇.jpg,0.6489,检出,[36,68 290x182]
双头食人魔.jpg,0.6652,检出,[0,27 252x190]
雨燕.jpg,0.6744,检出,[15,21 373x161]
鸵鸟（幼）.jpg,0.6786,检出,[0,0 214x246]
驼鹿.jpg,0.6841,检出,[45,26 199x193]
山羊.jpg,0.698,检出,[46,33 137x289]
果树.jpg,0.7095,检出,[249,284 30x38]
金雕.jpg,0.7102,检出,[20,10 225x231]
SU-27.jpg,0.7115,检出,[21,11 295x273]
非洲灰鹦鹉.jpg,0.7132,检出,[36,24 68x203]
双头向日葵.jpg,0.7145,检出,[41,82 165x192]
夜鹭-9.jpg,0.716,检出,[44,3 255x316]
绿头鸭.jpg,0.7163,检出,[10,35 298x83]
夜鹭-10.jpg,0.7256,检出,[52,80 182x265]
母鸡.jpg,0.7342,检出,[73,18 157x257]
留声机.jpg,0.7406,检出,[77,33 218x111]
果蝠.jpg,0.7586,检出,[61,37 209x232]
雕塑海鸥.jpg,0.7735,检出,[16,23 239x166]
鸵鸟.jpg,0.7751,检出,[13,8 284x251]
鸬鹚.jpg,0.7755,检出,[96,23 93x230]
蓝长腺珊瑚蛇.jpg,0.7851,检出,[6,1 349x157]
蝙蝠-2.jpg,0.7917,检出,[65,5 126x230]
白唇竹叶青.jpg,0.7931,检出,[31,1 166x167]
烟花爆竹.jpg,0.7999,检出,[57,292 238x107]
三趾鹑.jpg,0.8041,检出,[77,80 132x123]
吉他拨片.jpg,0.8046,检出,[26,21 174x243]
斑蛾.jpg,0.8049,检出,[55,33 120x229]
UFO.jpg,0.8066,检出,[17,104 301x70]
夜问.jpg,0.8079,检出,[3,24 222x368]
水鸡.jpg,0.8118,检出,[66,120 166x63]
石灯.jpg,0.8132,检出,[147,65 78x77]
夜鹭-5.jpg,0.8136,检出,[35,66 184x243]
凤头鸊鷉.jpg,0.8187,检出,[35,22 294x148]
普通䴓.jpg,0.825,检出,[64,6 147x193]
澳洲针鼹鼠.jpg,0.8252,检出,[17,29 348x194]
鸻鹬.jpg,0.8271,检出,[14,40 278x187]
枣核.jpg,0.8283,检出,[31,0 71x211]
科比.jpg,0.8318,检出,[8,19 227x303]
斑马.jpg,0.8322,检出,[49,33 157x194]
路灯花.jpg,0.8325,检出,[104,25 119x244]
夜鹭-3.jpg,0.8342,检出,[47,12 133x230]
丹顶鹤.jpg,0.8344,检出,[57,49 305x300]
鱼.jpg,0.8401,检出,[36,42 184x433]
夜鹭-12.jpg,0.8413,检出,[106,102 37x64]
鸡腿.jpg,0.8439,检出,[14,3 130x285]
夺心魔.jpg,0.8452,检出,[2,32 213x291]
函数.jpg,0.8466,检出,[58,67 134x192]
夜鹭-6.jpg,0.8483,检出,[9,35 269x260]
黑冠鳽.jpg,0.851,检出,[10,7 280x266]
保龄球瓶.jpg,0.8534,检出,[198,65 45x145]
杀手兔.jpg,0.8539,检出,[4,7 314x239]
大角羊.jpg,0.8544,检出,[7,10 273x293]
星鸦.jpg,0.8549,检出,[13,51 251x261]
夜鹭.jpg,0.8562,检出,[78,28 159x286]
白胸苦恶鸟.jpg,0.8566,检出,[90,15 162x230]
迅猛龙.jpg,0.8579,检出,[27,67 179x232]
白头海雕.jpg,0.858,检出,[10,26 277x253]
夜鹭-8.jpg,0.8644,检出,[57,7 145x245]
三地鼠.jpg,0.8645,检出,[7,17 199x283]
过山车.jpg,0.8652,检出,[343,41 58x115]
汉密尔顿.jpg,0.8685,检出,[21,3 225x365]
乌鸦.jpg,0.8732,检出,[6,16 280x269]
鹭蛋.jpg,0.8735,检出,[9,9 227x266]
雨伞.jpg,0.8736,检出,[6,58 253x195]
中白鹭.jpg,0.8744,检出,[11,13 330x295]
绣眼鸟.jpg,0.8757,检出,[13,27 284x166]
尖叫鸡-2.jpg,0.877,检出,[8,1 162x314]
圆规.jpg,0.8778,检出,[76,23 146x272]
笑翠鸟.jpg,0.8814,检出,[83,69 142x239]
鱼狗.jpg,0.8824,检出,[11,84 270x157]
企鹅.jpg,0.8826,检出,[39,81 196x192]
鹬鸵.jpg,0.8841,检出,[50,1 231x314]
蜂鸟.jpg,0.8856,检出,[4,15 225x261]
棘背龙.jpg,0.8865,检出,[23,14 230x211]
大麻鳽.jpg,0.8872,检出,[0,17 182x301]
蓝鹤.jpg,0.8876,检出,[8,20 287x184]
天线宝宝.jpg,0.8919,检出,[9,65 159x195]
yf21.jpg,0.8923,检出,[34,70 213x196]
棉凫.jpg,0.8924,检出,[61,68 127x249]
哈基米.jpg,0.8932,检出,[11,18 270x202]
克苏鲁.jpg,0.8942,检出,[22,56 278x195]
奇美拉.jpg,0.8944,检出,[101,100 136x107]
冥王星.jpg,0.8951,检出,[91,39 190x198]
鸳鸯.jpg,0.8951,检出,[94,61 124x217]
蛇雕.jpg,0.8992,检出,[4,0 263x352]
保龄球.jpg,0.8997,检出,[41,0 127x291]
苍鹭.jpg,0.9001,检出,[12,11 301x220]
白胸翡翠.jpg,0.9002,检出,[15,8 210x298]
喷泉.jpg,0.901,检出,[138,236 104x276]
风筝.jpg,0.9011,检出,[59,28 265x161]
白鹡鸰.jpg,0.9041,检出,[89,91 62x119]
天鹅.jpg,0.9047,检出,[5,27 240x148]
格鲁.jpg,0.9049,检出,[3,53 333x333]
罗非鱼.jpg,0.9086,检出,[5,36 302x200]
夜鹭-15.jpg,0.909,检出,[77,38 157x352]
监控.jpg,0.9132,检出,[94,41 105x286]
尖叫鸡-3.jpg,0.9136,检出,[90,33 139x345]
海鸥.jpg,0.9156,检出,[87,54 85x147]
鹦鹉-2.jpg,0.9157,检出,[43,17 93x195]
胖虎.jpg,0.916,检出,[7,89 299x194]
狗.jpg,0.9161,检出,[36,82 205x129]
雕.jpg,0.9171,检出,[0,19 295x381]
武将.jpg,0.9197,检出,[22,5 272x422]
兀鹫.jpg,0.92,检出,[10,22 241x212]
斑头雁.jpg,0.9205,检出,[80,34 175x214]
唐代帽翅.jpg,0.9215,检出,[51,43 243x430]
迈克尔杰克逊.jpg,0.9221,检出,[40,0 175x289]
蓝灰小菇.jpg,0.9236,检出,[10,24 276x217]
鹭管.jpg,0.9238,检出,[46,13 110x216]
摩登舞者.jpg,0.9241,检出,[13,59 254x201]
矛隼.jpg,0.9266,检出,[20,94 283x119]
猫头鹰-2.jpg,0.929,检出,[16,0 110x266]
金刚狼.jpg,0.9305,检出,[34,9 166x192]
尖叫鸡.jpg,0.9322,检出,[4,9 157x608]
毛毛虫.jpg,0.9323,检出,[1,20 205x244]
海鸥-2.jpg,0.9328,检出,[11,1 305x281]
绿色开花植物.jpg,0.9342,检出,[51,96 90x211]
噪鹃.jpg,0.9346,检出,[56,36 268x212]
哥斯拉.jpg,0.9352,检出,[44,50 215x224]
羚羊.jpg,0.9357,检出,[20,22 125x181]
白眼鸥.jpg,0.9371,检出,[6,18 122x123]
鼠兔.jpg,0.9371,检出,[0,16 202x195]
鸽子.jpg,0.9376,检出,[33,13 149x208]
孔雀.jpg,0.9378,检出,[0,56 278x221]
鹦鹉.jpg,0.9379,检出,[7,7 285x262]
圣母怜子像.jpg,0.9383,检出,[0,63 256x346]
吉娃娃.jpg,0.9395,检出,[0,29 298x287]
夜鹭-13.jpg,0.9399,检出,[23,24 254x290]
傻咕咕.jpg,0.9425,检出,[52,8 203x393]
玛丽莲梦鹭.jpg,0.9427,检出,[59,24 143x264]
蝙蝠.jpg,0.9435,检出,[44,0 128x312]
铁傀儡.jpg,0.9438,检出,[34,82 259x279]
出水芙蓉.jpg,0.9467,检出,[11,32 305x260]
精灵球.jpg,0.9481,检出,[1,4 345x330]
伪人.jpg,0.9532,检出,[0,2 261x309]
鹗.jpg,0.9532,检出,[46,29 142x234]
金刚狼-2.jpg,0.9542,检出,[41,16 178x196]
请输入文本.jpg,0.9552,检出,[0,23 256x385]
领角鸮.jpg,0.9559,检出,[0,86 294x250]
蟑螂.jpg,0.9562,检出,[23,51 168x261]
钓鱼佬.jpg,0.9577,检出,[101,125 68x52]
巨神兵.jpg,0.9582,检出,[69,30 204x346]
翻车鱼.jpg,0.9596,检出,[48,38 196x270]
最后的晚餐.jpg,0.961,检出,[500,125 113x151]
蟑螂-2.jpg,0.9611,检出,[31,0 154x263]
香蕉（花）.jpg,0.9615,检出,[46,0 146x330]
一小天鹅.jpg,0.9616,检出,[42,25 207x366]
女巫.jpg,0.9659,检出,[0,0 253x353]
半蹼鹬.jpg,0.9661,检出,[44,0 236x334]
小蓝企鹅.jpg,0.9662,检出,[9,0 165x265]
西瓜子.jpg,0.967,检出,[21,34 150x345]
红耳鹎.jpg,0.9681,检出,[32,29 239x252]
杀手47.jpg,0.9682,检出,[22,0 262x379]
沙槌.jpg,0.9684,检出,[38,36 124x293]
高达.jpg,0.9697,检出,[0,14 277x288]
芭蕾舞者.jpg,0.9723,检出,[9,2 266x331]